--///////////////////////////////////////////////////////////////////////
--                             I N S E R T S
--///////////////////////////////////////////////////////////////////////


SET DATEFORMAT DMY
GO

-- ########################################################################
--                                P A I S E S
-- ########################################################################

INSERT INTO PAISES (ID_PAIS, PAIS) VALUES
    (1, 'Argentina'),
    (2, 'Estados Unidos'),
    (3, 'Japón'),
    (4, 'Alemania'),
    (5, 'Reino Unido'),
    (6, 'Italia'),
    (7, 'China'),
    (8, 'Corea del Sur'),
    (9, 'Canadá'),
    (10, 'Francia'),
    (11, 'España');

--###############################################################################
--                            P R O V I N C I A S 
--###############################################################################

INSERT INTO PROVINCIAS (ID_PROVINCIA, PROVINCIA, ID_PAIS)
VALUES
    (1, 'Buenos Aires', 1),
    (2, 'San Luis', 1),
    (3, 'Catamarca', 1),
    (4, 'Chaco', 1),
    (5, 'Chubut', 1),
    (6, 'Cordoba', 1),
    (7, 'Corrientes', 1),
    (8, 'Entre Rios', 1),
    (9, 'Formosa', 1),
    (10, 'Jujuy', 1),
    (11, 'La Pampa', 1),
    (12, 'La Rioja', 1),
    (13, 'Mendoza', 1),
    (14, 'Misiones', 1),
    (15, 'Neuquen', 1),
    (16, 'Rio Negro', 1),
    (17, 'Salta', 1),
    (18, 'San Juan', 1),
    (19, 'Santa Cruz', 1),
    (20, 'Santa Fe', 1),
    (21, 'Santiago del Estero', 1),
    (22, 'Tierra del Fuego', 1),
    (23, 'Tucuman', 1);

-- ########################################################################
--                             B A R R I O S
-- ########################################################################

--Barrios Cordoba

INSERT INTO Barrios (ID_BARRIO, BARRIO, ID_PROVINCIA)
VALUES
    (1, 'Alberdi', 6),
    (2, 'Centro', 6),
    (3, 'Nueva Córdoba', 6),
    (4, 'Güemes', 6),
    (5, 'General Paz', 6),
    (6, 'Cofico', 6),
    (7, 'San Vicente', 6),
    (8, 'Observatorio', 6),
    (9, 'Alta Córdoba', 6),
    (10, 'Argüello', 6),
    (11, 'Villa Belgrano', 6),
    (12, 'Villa Warcalde', 6),
    (13, 'Jardín', 6),
    (14, 'Cerro de las Rosas', 6),
    (15, 'Urca', 6),
    (16, 'Villa Allende Parque', 6),
    (17, 'Los Boulevares', 6),
    (18, 'Chateau Carreras', 6),
    (19, 'Villa El Libertador', 6),
    (20, 'Ruta 20', 6),
    (21, 'Cerrito', 6),
    (22, 'Residencial San Roque', 6),
    (23, 'Tablada Park', 6),
    (24, 'Cuesta Colorada', 6),
    (25, 'Ciudad Universitaria', 6),
    (26, 'Villa El Fachinal', 6),
    (27, 'Villa Quisquisacate', 6),
    (28, 'Villa Inés', 6),
    (29, 'Villa Marta', 6),
    (30, 'Parque Atlántica', 6),
--  Barrios Jesus Maria
    (31, 'Judería', 6),
    (32, 'Santa Marina', 6),
    (33, 'San Basilio', 6),
    (34, 'San Lorenzo', 6),
    (35, 'San Andrés', 6),
    (36, 'San Agustín', 6),
    (37, 'Centro', 6);

-- ########################################################################
--                        R A Z O N    S O C I A L
-- ########################################################################

INSERT INTO RAZON_SOCIAL (ID_RAZON,DESCRIPCION) VALUES
	(1, 'S.A'),
	(2, 'Compania Limitada'),
	(3, 'Mayorista'),
	(4, 'S.R.L'),
	(5, 'Compania Anonima'),
	(6, 'Distrubuidora'),
	(7, 'Exportadora'),
	(8, 'Corporacion');


-- ########################################################################
--                         P R O V E E D O R E S
-- ########################################################################

INSERT INTO PROVEEDORES (ID_PROVEEDOR, NOMBRE, ID_RAZON, CALLE, ID_BARRIO)
VALUES
    (1, 'KHS America', 1, 'Calderón de la Barca 935', 9),
    (2, 'Hal Leonard', 2, 'Huascar 8387', 27),
    (3, 'St. Louis Music', 3, 'Ing. Rogelio Nores Martinez 2897', 13),
    (4, 'American Music & Sound', 4, 'Av. Hipólito Yrigoyen 478', 3),
    (5, 'KMC Music', 5, 'Vte. Agüero Nte. 265', 31),
    (6, 'Sam Ash Wholesale', 6, 'Av. Fuerza Aerea Argentina 1916', 20),
    (7, 'Musicorp', 7, 'Av. Las Acacias 490', 24),
    (8, 'West Music', 8, 'Villavicencio 826', 30),
    (9, 'EMD Music', 4, 'Av. J. M. de Pueyrredón 1000', 8),
    (10, 'Cascio Interstate Music', 3, 'Gregorio Y. Gavier 1944', 14);

-- ########################################################################
--                           F O R M A    P A G O
-- ########################################################################

INSERT INTO FORMA_PAGO (ID_PAGO, PAGO) VALUES 
	(1, 'Efectivo'),
	(2, 'Tarjeta de Crédito'),
	(3, 'Tarjeta de Débito'),
	(4, 'Transferencia Bancaria'),
	(5, 'Giftcard');

-- ########################################################################
--                          F O R M A    E N V I O
-- ########################################################################

INSERT INTO FORMA_ENVIO (ID_ENVIO, ENVIO) VALUES 
	(1, 'Estandar'),
	(2, 'Express'),
	(3, 'Al dia siguiente'),
	(4, 'Urgente'),
	(5, 'Internacional'),
	(6, 'Maritimo');




-- ########################################################################
--                              S E D E S
-- ########################################################################

INSERT INTO SEDES (ID_SEDE, NOMBRE, CALLE, ID_BARRIO, TELEFONO, EMAIL) VALUES
	(1, '4 Acordes CENTRO', 'Av. Emilio Olmos 292', 2, 3512388467, 'm_centro@musicor.com'),
	(2, '4 Acordes NUEVA CBA', 'Av. Poeta Leopoldo Lugones 422', 3, 3517145690, 'm_nuevacba@musicor.com'),
	(3, '4 Acordes COFICO', 'Gral. Juan B. Bustos 331', 6, 3513412093, 'm_cofico@musicor.com'),
	(4, '4 Acordes JARDIN', 'Bv Elias Yofre 1063', 13, 3516417639, 'm_jardin@musicor.com'),
	(5, '4 Acordes GENERAL PAZ', '25 de Mayo 868', 5, 3517546519, 'm_generalpaz@musicor.com');

-- ########################################################################
--                              P U E S T O S
-- ########################################################################

INSERT INTO PUESTOS (ID_PUESTO, PUESTO) VALUES 
	(1, 'Gerente de Tienda'),
	(2, 'Asistente de Gerente'),
	(3, 'Vendedor de Instrumentos'),
	(4, 'Vendedor de Discos y CDs'),
	(5, 'Cajero'),
	(6, 'Diseñador Gráfico'),
	(7, 'Asistente de Ventas'),
	(8, 'Repositor'),
	(9, 'Personal de limpieza'),
	(10, 'Comiunity Manager');


-- ########################################################################
--                           E M P L E A D O S
-- ########################################################################

INSERT INTO EMPLEADOS(LEGAJO, NOMBRE, APELLIDO, ID_PUESTO, ID_SEDE, TELEFONO, FECHA_INGRESO)
VALUES
	(4092, 'Sebastian', 'Cañas', 1, 1, 3515667288, '15/03/2013'),
	(3769, 'Jorge Luis', 'Godoy', 2, 1, 3512975067, '04/07/2013'),
	(3153, 'Maite', 'Plats', 10, 1, 3515299741, '01/03/2019'),
	(1113, 'Rosana', 'Barcelo', 5, 1, 3513431025, '05/01/2021'),
	(1143, 'Juan Pablo', 'Marquez', 5, 2, 3514321678, '05/04/2022'),
	(1145, 'Joaquin', 'Conde', 6, 1, 3518507361, '05/04/2015'),
	(1176, 'Paul', 'Hidalgo', 3, 1, 3514970428, '18/12/2014'), 
	(1133, 'Alexandra', 'Infante', 3, 1, 3517812458, '03/02/2022'),
	(1121, 'Lorenzo', 'Coronado', 3, 1, 3512476110, '07/08/2018'),
	(1154, 'Ayman', 'Barrio', 4, 1, 3516280146, '03/02/2022'),
	(1167, 'Thiago', 'Cobos', 7, 1, 3513861330, '15/02/2023'), 
	(2000, 'Isaac', 'Sosa', 8, 1, 3517143094, '15/02/2021'), 
	(2001, 'Emma', 'Bautista', 8, 1, 3512064817, '15/02/2021'),
	(2003, 'Celso', 'Muñoz', 9, 1, 3515673140, '01/02/2017'),
 --segunda sucursal
	(4012, 'Clara ', 'Aragon', 1, 2, 3515667288, '15/03/2015'),
	(3768, 'Barbara', 'López', 2, 2, 3517140275, '04/07/2018'),
	(1221, 'Ibai', 'Barbera', 3, 2, 3515299741, '17/05/2021'),
	(1243, 'Claudio', 'Climent', 5, 2, 3513471200, '05/06/2017'),
	(1266, 'Beatriz', 'Mirra', 5, 2, 3515641305, '05/04/2022'),
	(1253, 'Martina', 'Soria', 6, 2, 3518507361, '05/04/2015'),
	(1275, 'Valentina', 'Strassorier', 3, 2, 3512548112, '18/12/2014'), 
	(1244, 'Manuel', 'Gimenez', 3, 2, 3513501330, '03/02/2022'),
	(1265, 'Francisco', 'Coronel', 3, 2, 3518457139, '07/09/2020'),
	(1277, 'Ayman', 'Barrio', 4, 2, 3516280146, '03/02/2022'),
	(2005, 'Rogrigo', 'Sanchez', 8, 2, 3513965815, '21/02/2022'), 
	(3441, 'Erica', 'Migliore', 10, 2, 3512064817, '15/02/2021'),
--tercera sucursal
	(4175, 'Arturo', 'Castillo', 1, 3, 3513245673, '15/03/2015'),
	(1311, 'Fabian', 'Garzon', 5, 3, 3512476893, '24/08/2018'),
	(1366, 'Yuliana', 'Megevand', 5, 3, 3512345671, '05/06/2022'),
	(1322, 'Esteban', 'Conde', 6, 3, 3514321564, '05/04/1017'),
	(1333, 'Miguel', 'Carrillo', 3, 3, 3512467132, '18/02/2019'), 
	(1354, 'Micaela', 'Antonicello', 3, 3, 3516139217, '03/02/2023'),
	(1356, 'Martin', 'Barrios', 4, 3, 3517634958, '24/02/2018'),
	(1344, 'Joaquina', 'Ramos', 7, 3, 3515324376, '15/05/2023'), 
	(1375, 'Sebastian', 'Marfort', 8, 3, 3514813014, '23/02/2021'), 
	(2009, 'Carla', 'Muñoz', 10, 3, 3517324510, '23/02/2022'),
--cuarta sucursal
	(4232, 'Erica', 'Corrales', 1, 4, 3517431554, '15/07/2016'),
	(3149, 'Gaston', 'Enrriquez', 10, 4, 3513674316, '24/03/2022'),
	(1452, 'Matias', 'Sancho', 5, 4, 3516134822, '05/01/2022'),
	(1466, 'Romina', 'Gutierrez', 5, 4, 3517546130, '05/01/2022'),
	(1498, 'Roma', 'Aliberti', 3, 4, 3516134005, '18/12/2022'), 
	(1432, 'Carmelo', 'Rodriguez', 3, 4, 3513214523, '03/02/2022'),
	(1421, 'Sofia', 'Soria', 3, 4, 3514354766, '07/08/2022'),
	(1411, 'Sol Maria', 'Palomeque', 4, 4, 3517546130, '03/02/2022'),
	(1455, 'Ramiro', 'Quevedo', 7, 4, 3516145330, '15/06/2023'), 
	(2185, 'Pablo', 'Sosa', 8, 4, 3513125436, '15/02/2022'), 
	(2113, 'Jimena', 'Bisans', 8, 4, 3516431008, '15/02/2022'),
	(2043, 'Facundo', 'Lopez', 9, 4, 3516913013, '01/02/2023'),
--quinta sucursal
	(4452, 'Santiago', 'Ferrari', 1, 5, 3515671440, '15/07/2018'),
	(3100, 'Paucara', 'Camil', 10, 5, 3513456187, '24/03/2022'),
	(1552, 'Lucas', 'Santillan', 5, 5, 3514321567, '05/01/2023'),
	(1553, 'Carola', 'Estebanez', 5, 5, 3512134678, '05/01/2023'),
	(1598, 'Laureano', 'Ferreyra', 3, 5, 3516198876, '18/06/2022'), 
	(1532, 'Cristian', 'Correa', 3, 5, 3517541395, '27/02/2022'),
	(1521, 'Sofia', 'Congin', 3, 5, 3515641339, '07/05/2022'),
	(1511, 'Camilo', 'Perez', 4, 5, 3513456139, '23/07/2022'),
	(2189, 'Ricardo', 'Bustos', 8, 5, 3517981340, '21/05/2022');

-- ########################################################################
--                     T I P O   D E   P R O D U C T O
-- ########################################################################

INSERT INTO TIPOS_PRODUCTOS (ID_T_PRODUCTO,TIPO) VALUES
	(1,'Pedal'),
    (2,'Cable'),
    (3,'Pie de Microfono'),
    (4,'Funda'),
    (5,'Soporte'),
    (6,'Afinador'),
    (7,'Capotraste'),
    (8,'Correa'),
    (9,'Metronomo'),
    (10,'Pua'),
    (11,'Cuerdas'),
    (12,'Piano'),
    (13,'Organo'),
    (14,'Sintetizador'),
    (15,'Midi'),
    (16,'Guitarra electrica'),
    (17,'Guitarra acustica'),
    (18,'Guitarra electrica'),
    (19,'Guitarra criolla'),
    (20,'Bajo electrico'),
    (21,'Bajo acustico'),
    (22,'Bajo 5 cuerdas'),
    (23,'Ukelele soprano'),
    (24,'Ukelele concierto'),
    (25,'Ukelele tenor'),
    (26,'Ukelele baritono'),
    (27,'Violin 1/4'),
    (28,'Violin 2/4'),
    (29,'Violin 3/4'),
    (30,'Violin 4/4'),
    (31,'Flauta'),
    (32,'Melodica'),
    (33,'Saxofon'),
    (34,'Bateria'),
    (35,'Toc Toc'),
    (36,'Pandereta'),
    (37,'Bongo'),
    (38,'Maraca'),
    (39,'Microfono'),
    (40,'Interfas'),
    (41,'Ecualizador'),
    (42,'Preamplificador'),
    (43,'Compresor'),
    (44,'Consolas'),
    (45,'Auricular'),
    (46,'Altavoz'),
    (47,'Iluminacion'),
    (48,'Proyector'),
    (49,'Controlador'),
    (50,'Mesa de mezcla'),
    (51,'Cd'),
    (52,'Dvd'),
    (53,'Vinilo'),
    (54,'Blueray'),
    (55,'Bowset'),
    (56,'Bandejas'),
    (57,'Libros'),
    (58,'Remera nacional'),
    (59,'Remera internacional'),
    (60,'Camperas'),
    (61,'Accesorio'),
    (62,'Gorra'),
    (63,'Buzo'),
    (64,'Ticket');

-- ########################################################################
--                    T I P O   D E   S E R V I C I O
-- ########################################################################

INSERT INTO TIPO_SERVICIO (ID_T_SERV,SERVICIO) VALUES
	(1,'Cambio de cuerdas'),
	(2,'Calibracion'),
	(3,'Reparacion'),
	(4,'Restauracion'),
	(5,'Limpieza');

-- ########################################################################
--                       T I P O   D E   M A R C A S
-- ########################################################################

INSERT INTO MARCAS (ID_MARCA,MARCA) VALUES
	(1,'Yyamaha'),
	(2,'Fender'),
	(3,'Gibson'),
	(4,'Steinway & Sons'),
	(5,'Martin'),
	(6,'Ibanez'),
	(7,'Epiphone'),
	(8,'PRS guitar'),
	(9,'Taylor'),
	(10,'Gretsch'),
	(11,'Roland'),
	(12,'Korg'),
	(13,'Pearl'),
	(14,'DW drums'),
	(15,'Ludwig'),
	(16,'Sabian'),
	(17,'Zildjian'),
	(18,'Jackson'),
	(19,'Peavey'),
	(20,'VOX'),
	(21,'Marshal'),
	(22,'Orange'),
	(23,'PRS SE'),
	(24,'Music Man'),
	(25,'Blackstar'),
	(26,'Hofner'),
	(27,'D´Angelico'),
	(28,'Warwick'),
	(29,'G&L'),
	(30,'Harmony'),
	(31,'Ernie Ball'),
	(32,'Parker'),
	(33,'Serato'),
--ropas
	(34,'Converse'),
	(35,'Levi´s'),
	(36,'Vans'),
	(37,'Dr. Martens'),
	(38,'Nirvana Shop'),
	(39,'David Bowie Official Store'),
	(40,'Forever 21'),
	(41,'New Look'),
	(42,'Monki'),
	(43,'Hot Topic'),
	(44,'Nike'),
	(45,'Oversize'),
	(46,'Adidas'),
	(47,'Savor');



-- ########################################################################
--                T I P O S   D E   C A R A C T E R I S T I C A S
-- ########################################################################

INSERT INTO TIPOS_CARACTERISTICAS (ID_T_CARACTERISTICA,TIPO) VALUES
	 (1,'Cantidad de cuerdas'),
	 (2,'Tipo de puente'),
	 (3,'Cantidad de trastes'),
	 (4,'Material del cuello'),
	 (5,'Material del cuerpo'),
	 (6,'Tipo de switch'),
	 (7,'Tela'),
	 (8,'Color'),
	 (9,'Talle'),
	 (10,'Corte'),
	 (11,'Largo'),
	 (12,'Ficha'),
	 (13,'Alto'),
	 (14,'Cantidad de teclas'),
	 (15,'Sensitivo'),
	 (16,'Cantidad de cuerpos');

-- ########################################################################
--							P R O D U C T O S
-- ########################################################################


INSERT INTO PRODUCTOS (ID_PRODUCTO,NOMBRE,DESCRIPCION,ID_T_PRODUCTO,ID_MARCA,ID_PROVEEDOR,ID_PAIS,STOCK,PRECIO) VALUES
	 (1,'Vintera II 70s Jaguar','SS | 6 strings | Tremolo bridge | 22 frets',16,2,1,2,2,300000.00),
	 (2,'Vintera II 50s Jazzmaster','SS | 6 strings | Tremolo bridge | 21 frets',16,2,1,2,3,350000.00),
	 (3,'Joe Bonamassa 1963 SG','HHH | 6 strings | Tremolo bridge | 22 frets',16,7,2,7,1,400000.00),
	 (4,'Les Paul Supreme Exclusive','HHH | 6 strings | Fixed bridge | 22 frets',16,3,3,7,4,500000.00),
	 (5,'Les Paul Supreme','HHH | 6 strings | Fixed bridge | 22 frets',16,3,3,7,1,450000.00),
	 (6,'Soda Stereo Amarilla','Remera Soda amarilla logo negro',58,35,8,1,40,2000.00),
	 (7,'Soda Stereo Amarilla','Remera Soda amarilla logo negro',58,35,8,1,40,2000.00),
	 (8,'Soda Stereo Amarilla','Remera Soda amarilla logo negro',58,35,8,1,40,2000.00),
	 (9,'Soda Stereo Amarilla','Remera Soda amarilla logo negro',58,35,8,1,40,3000.00),
	 (10,'Almendra','Remera Almendra Negra',58,38,8,1,22,1000.00),
	 (11,'Almendra','Remera Almendra Negra',58,38,8,1,18,2000.00),
	 (12,'Almendra','Remera Almendra Negra',58,38,8,1,34,2000.00),
	 (13,'Almendra','Remera Almendra Negra',58,38,8,1,20,3000.00),
	 (14,'Aux','Aux 5m ',2,1,4,8,60,500.00),
	 (15,'Aux','Aux 10m ',2,1,4,8,60,700.00),
	 (16,'Aux','Aux 15m ',2,1,4,8,60,800.00),
	 (17,'Wawa','Pedal wawa',1,11,5,6,10,50000.00),
	 (18,'Distorcion','Pedal distorcion',1,11,5,6,5,30000.00),
	 (19,'Eco','Pedal eco',1,18,6,9,7,50000.00),
	 (20,'Pie','Pie de microfono',3,12,8,2,20,15000.00),
	 (21,'Funda negra','Funda negra',4,6,9,5,41,20000.00),
	 (22,'Jazz Bass','Bajo Electrico Parquer Jazz Bass Terminacion Madera',20,6,7,5,5,200000.00),
	 (23,'Artaud','artaud pescado rabioso',51,20,9,1,20,5000.00),
	 (24,'El mocambo','El mocambo, los rolling',51,20,9,2,20,5000.00),
	 (25,'Dynamo','Dynamo, Soda Stereo',51,20,9,1,20,5000.00),
	 (26,'Foo Fighters Greatest Hits','Foo Fighters Greatest Hits',53,23,8,2,10,8000.00),
	 (27,'Dark Side of the Moon','Dark Side of the Moon Pink Floyd',53,23,7,2,5,7000.00),
	 (28,'Vintage SPB-57','Bajo SX Vintage SPB-57',20,8,2,6,5,300000.00),
	 (29,'Tunano ','Ibanez Tunano Afinador Clip',6,6,5,7,20,20000.00),
	 (30,'Rolling Stones','Campera Rolling Gris',60,37,4,11,21,15000.00),
	 (31,'Rolling Stones','Campera Rolling Gris',60,37,4,11,21,15000.00),
	 (32,'Rolling Stones','Campera Rolling Gris',60,37,4,11,21,17000.00),
	 (33,'Rolling Stones','Campera Rolling Gris',60,37,4,11,21,17000.00),
	 (34,'Nirvana Roja','Campera nirvana Roja',60,37,6,2,21,20000.00),
	 (35,'Nirvana Roja','Campera nirvana Roja',60,37,6,2,21,20000.00),
	 (36,'Nirvana Roja','Campera nirvana Roja',60,37,6,2,21,22000.00),
	 (37,'Nirvana Roja','Campera nirvana Roja',60,37,6,2,21,22000.00),
	 (38,'Capotraste','Capotraste',7,3,7,5,80,4000.00),
	 (39,'Fender negra','Correa fender negra tela',8,2,3,2,30,10000.00),
	 (40,'Gibson amarilla','Correa amarilla gibsoncuero',8,3,3,2,35,9000.00),
	 (41,'XF100','Teclado casio xf100',12,4,5,2,10,70000.00),
	 (42,'HLM251','Teclado HLM251',12,12,6,8,5,10000.00),
	 (43,'SDY','Bateria yamaha SDY',34,1,2,3,4,800000.00),
	 (44,'Roadshow','Bateria pearl roadshow',34,13,3,6,4,1200000.00);


-- ########################################################################
--		C A R A C T E R Í S T I C A S  P O R  P R O D U C T O S
-- ########################################################################

INSERT INTO CARACTERISTICAS (ID_CARACTERISTICA,DETALLES,ID_T_CARACTERISTICA,ID_PRODUCTO) VALUES
	 (1,'6',1,1),
	 (2,'Tremolo',2,1),
	 (3,'22',3,1),
	 (4,'Maple',4,1),
	 (5,'Maple',5,1),
	 (6,'4 puntos',6,1),
	 (7,'6',1,2),
	 (8,'Tremolo',2,2),
	 (9,'24',3,2),
	 (10,'Maple',4,2),
	 (11,'Alder',5,2),
	 (12,'3 puntos',6,2),
	 (13,'6',1,3),
	 (14,'Tremolo',2,3),
	 (15,'22',3,3),
	 (16,'Mahogany',4,3),
	 (17,'Mahogany',5,3),
	 (18,'3 puntos',6,3),
	 (19,'6',1,4),
	 (20,'Fixed',2,4),
	 (21,'22',3,4),
	 (22,'Maple',4,4),
	 (23,'Mahogany',5,4),
	 (24,'4 puntos',6,4),
	 (25,'6',1,5),
	 (26,'Fixed',2,5),
	 (27,'22',3,5),
	 (28,'Maple',4,5),
	 (29,'Mahogany',5,5),
	 (30,'4 puntos',6,5),
	 (31,'Algodón',7,6),
	 (32,'Amarillo',8,6),
	 (33,'S',9,6),
	 (34,'V',10,6),
	 (35,'Algodón',7,7),
	 (36,'Amarillo',8,7),
	 (37,'M',9,7),
	 (38,'V',10,7),
	 (39,'Algodón',7,8),
	 (40,'Amarillo',8,8),
	 (41,'L',9,8),
	 (42,'V',10,8),
	 (43,'Algodón',7,9),
	 (44,'Amarillo',8,9),
	 (45,'XL',9,9),
	 (46,'V',10,9),
	 (47,'Nailon',7,10),
	 (48,'Negro',8,10),
	 (49,'S',9,10),
	 (50,'U',10,10),
	 (51,'Nailon',7,11),
	 (52,'Negro',8,11),
	 (53,'M',9,11),
	 (54,'U',10,11),
	 (55,'Nailon',7,12),
	 (56,'Negro',8,12),
	 (57,'L',9,12),
	 (58,'U',10,12),
	 (59,'Nailon',7,13),
	 (60,'Negro',8,13),
	 (61,'XL',9,13),
	 (62,'U',10,13),
	 (63,'5m',11,14),
	 (64,'6,35mm',12,14),
	 (65,'10m',11,15),
	 (66,'6,35mm',12,15),
	 (67,'15m',11,16),
	 (68,'6,35mm',12,16),
	 (69,'Negro',8,17),
	 (70,'Azul',8,18),
	 (71,'Amarillo',8,19),
	 (72,'2m',13,20),
	 (73,'Negro',8,21),
	 (74,'4',1,22),
	 (75,'Fixed',2,22),
	 (76,'0',3,22),
	 (77,'Arce',4,22),
	 (78,'Arce',5,22),
	 (79,'4',1,22),
	 (80,'Fixed',2,22),
	 (81,'22',3,22),
	 (82,'Aglomerado',4,22),
	 (83,'Aglomerado',5,22),
	 (84,'Algodón',7,30),
	 (85,'Gris',8,30),
	 (86,'S',9,30),
	 (87,'Algodón',7,31),
	 (88,'Gris',8,31),
	 (89,'M',9,31),
	 (90,'Algodón',7,32),
	 (91,'Gris',8,32),
	 (92,'L',9,32),
	 (93,'Algodón',7,33),
	 (94,'Gris',8,33),
	 (95,'XL',9,33),
	 (96,'Negro',8,38),
	 (97,'Negro',8,39),
	 (98,'Nylon',7,39),
	 (99,'Negro',8,40),
	 (100,'Nylon',7,40),
	 (101,'Negro',8,41),
	 (102,'61',14,41),
	 (103,'No',15,41),
	 (104,'Si',15,42),
	 (105,'Negro',8,42),
	 (106,'74',14,42),
	 (107,'Verde',8,43),
	 (108,'5',16,43),
	 (109,'Rojo',8,44),
	 (110,'7',16,44);


-- ########################################################################
--                              P E D I D O S
-- ########################################################################

INSERT INTO PEDIDOS (ID_PEDIDO,FECHA,ID_PROVEEDOR,ID_PAGO,ID_ENVIO) VALUES
	 (1,'2022-05-11',9,3,3),
	 (15,'2022-08-28',9,3,6),
	 (27,'2022-11-23',9,1,6),
	 (32,'2022-12-29',9,3,4),
	 (37,'2023-02-04',9,2,6),
	 (41,'2023-03-08',9,2,1),
	 (48,'2023-04-27',9,1,3),
	 (51,'2023-05-18',9,3,6),
	 (65,'2023-09-06',9,2,4),
	 (64,'2023-09-01',8,4,4),
	 (17,'2022-09-12',8,1,6),
	 (20,'2022-10-06',8,1,2),
	 (21,'2022-10-13',8,4,1),
	 (2,'2022-05-17',8,2,5),
	 (5,'2022-06-04',8,2,1),
	 (13,'2022-08-10',7,2,6),
	 (40,'2023-02-28',7,3,5),
	 (30,'2022-12-15',7,4,6),
	 (4,'2022-05-30',7,1,6),
	 (55,'2023-06-14',7,1,5),
	 (58,'2023-07-14',7,2,6),
	 (44,'2023-03-30',6,2,4),
	 (66,'2023-09-15',6,1,6),
	 (67,'2023-09-20',6,4,5),
	 (29,'2022-12-05',6,3,5),
	 (34,'2023-01-11',6,2,3),
	 (10,'2022-07-19',6,1,2),
	 (42,'2023-03-15',5,4,5),
	 (33,'2023-01-05',5,1,2),
	 (70,'2023-10-10',5,1,4),
	 (46,'2023-04-15',5,2,4),
	 (47,'2023-04-22',5,3,4),
	 (49,'2023-05-02',5,4,4),
	 (60,'2023-07-29',5,3,2),
	 (53,'2023-05-30',5,3,4),
	 (61,'2023-08-07',4,3,6),
	 (57,'2023-07-04',4,2,1),
	 (36,'2023-01-25',4,1,5),
	 (38,'2023-02-13',3,2,1),
	 (31,'2022-12-20',3,4,2),
	 (11,'2022-07-28',3,4,3),
	 (6,'2022-06-10',3,2,5),
	 (50,'2023-05-12',3,3,4),
	 (59,'2023-07-21',2,2,3),
	 (54,'2023-06-05',2,2,5),
	 (56,'2023-06-24',2,4,1),
	 (68,'2023-09-25',2,3,6),
	 (7,'2022-06-20',2,1,3),
	 (9,'2022-07-10',2,3,1),
	 (12,'2022-08-03',2,1,1),
	 (14,'2022-08-20',2,4,1),
	 (18,'2022-09-20',2,3,4),
	 (26,'2022-11-18',2,2,1),
	 (35,'2023-01-20',2,3,2),
	 (43,'2023-03-20',2,2,2),
	 (23,'2022-10-29',1,1,6),
	 (16,'2022-09-07',1,2,6),
	 (3,'2022-05-25',1,3,5),
	 (69,'2023-09-30',1,1,6),
	 (62,'2023-08-14',1,2,3),
	 (52,'2023-05-23',1,1,2),
	 (45,'2023-04-09',1,2,3);



-- ########################################################################
--                       D E T A L L E S  P E D I D O S
-- ########################################################################


INSERT INTO DETALLE_PEDIDO (ID_DET_PED,ID_PEDIDO,ID_PRODUCTO,CANTIDAD,PRECIO) VALUES
	 (1,1,21,8,10100.00),
	 (2,1,23,9,2525.00),
	 (3,2,6,15,1020.00),
	 (4,2,7,10,1020.00),
	 (5,2,8,19,1020.00),
	 (6,2,9,4,1530.00),
	 (7,3,1,12,154500.00),
	 (8,3,2,15,180250.00),
	 (9,4,22,3,104000.00),
	 (10,4,27,17,3640.00),
	 (11,5,10,8,525.00),
	 (12,5,11,13,1050.00),
	 (13,6,4,19,265000.00),
	 (14,6,5,14,238500.00),
	 (15,6,39,18,5300.00),
	 (16,7,3,20,214000.00),
	 (17,7,28,9,160500.00),
	 (18,7,43,5,428000.00),
	 (19,9,3,16,218000.00),
	 (20,9,28,11,163500.00),
	 (21,9,43,18,436000.00),
	 (23,10,19,5,27500.00),
	 (24,10,34,18,11000.00),
	 (25,10,35,10,11000.00),
	 (26,10,36,4,12100.00),
	 (27,10,37,18,12100.00),
	 (28,11,40,3,4995.00),
	 (29,11,44,9,666000.00),
	 (30,11,4,11,277500.00),
	 (31,12,3,13,224000.00),
	 (32,12,28,19,168000.00),
	 (33,12,43,8,448000.00),
	 (35,13,38,7,2260.00),
	 (36,13,22,8,113000.00),
	 (37,13,27,16,3955.00),
	 (38,14,3,12,228000.00),
	 (39,14,28,10,171000.00),
	 (40,14,43,6,456000.00),
	 (41,15,24,13,2875.00),
	 (42,15,25,9,2875.00),
	 (43,15,21,6,11500.00),
	 (44,15,23,14,2875.00),
	 (45,16,1,15,174000.00),
	 (46,16,2,6,203000.00),
	 (47,17,12,7,1170.00),
	 (48,17,13,12,1755.00),
	 (49,18,3,4,236000.00),
	 (50,18,28,13,177000.00),
	 (51,18,43,20,472000.00),
	 (52,20,20,19,9000.00),
	 (53,21,26,12,4840.00),
	 (54,21,6,11,1210.00),
	 (55,21,7,2,1210.00),
	 (56,21,8,1,1210.00),
	 (57,21,9,3,1815.00),
	 (58,23,1,5,184500.00),
	 (59,23,2,13,215250.00),
	 (60,26,3,15,252000.00),
	 (61,26,28,20,189000.00),
	 (62,27,24,18,3175.00),
	 (63,27,25,19,3175.00),
	 (64,29,42,14,6450.00),
	 (65,29,19,20,32250.00),
	 (66,30,22,5,130000.00),
	 (67,30,27,17,4550.00),
	 (68,30,38,5,2600.00),
	 (69,31,4,1,327500.00),
	 (70,31,5,5,294750.00),
	 (71,32,21,13,13200.00),
	 (72,32,23,2,3300.00),
	 (73,33,17,14,33250.00),
	 (74,33,18,16,19950.00),
	 (75,33,29,13,13300.00),
	 (76,34,34,20,13400.00),
	 (77,34,35,15,13400.00),
	 (78,34,36,10,14740.00),
	 (79,35,3,6,270000.00),
	 (80,35,28,11,202500.00),
	 (81,35,43,4,540000.00),
	 (82,36,14,6,340.00),
	 (83,37,24,5,3425.00),
	 (84,37,25,6,3425.00),
	 (85,37,21,2,13700.00),
	 (86,38,39,19,6900.00),
	 (87,38,40,19,6210.00),
	 (88,38,44,20,828000.00),
	 (89,40,27,17,4900.00),
	 (90,40,38,1,2800.00),
	 (91,41,23,12,3525.00),
	 (92,41,24,19,3525.00),
	 (93,41,25,7,3525.00),
	 (94,41,21,19,14100.00),
	 (95,42,41,16,49700.00),
	 (96,43,28,19,214500.00),
	 (97,43,43,5,572000.00),
	 (98,44,37,8,15840.00),
	 (99,44,42,3,7200.00),
	 (100,45,2,18,253750.00),
	 (101,46,17,9,36500.00),
	 (102,46,18,15,21900.00),
	 (103,46,29,18,14600.00),
	 (104,46,41,12,51100.00),
	 (105,47,17,9,36750.00),
	 (106,47,18,12,22050.00),
	 (107,47,29,18,14700.00),
	 (108,47,41,10,51450.00),
	 (109,48,23,6,3700.00),
	 (110,48,24,9,3700.00),
	 (111,49,17,19,37250.00),
	 (112,49,18,13,22350.00),
	 (113,49,29,11,14900.00),
	 (114,49,41,1,52150.00),
	 (115,50,4,5,375000.00),
	 (116,50,5,4,337500.00),
	 (117,51,25,8,3775.00),
	 (118,51,21,10,15100.00),
	 (119,51,23,5,3775.00),
	 (120,51,24,19,3775.00),
	 (121,52,1,16,228000.00),
	 (122,52,2,5,266000.00),
	 (123,53,17,16,38250.00),
	 (124,53,18,6,22950.00),
	 (125,53,29,7,15300.00),
	 (126,54,3,16,308000.00),
	 (127,54,28,20,231000.00),
	 (128,54,43,2,616000.00),
	 (130,55,22,1,155000.00),
	 (131,55,27,17,5425.00),
	 (132,55,38,4,3100.00),
	 (133,56,3,8,312000.00),
	 (134,56,28,18,234000.00),
	 (135,56,43,17,624000.00),
	 (136,57,15,20,549.50),
	 (137,57,16,10,628.00),
	 (138,57,30,19,11775.00),
	 (139,57,31,12,11775.00),
	 (140,58,22,11,158000.00),
	 (141,58,27,14,5530.00),
	 (142,58,38,16,3160.00),
	 (143,59,3,6,318000.00),
	 (144,59,28,14,238500.00),
	 (145,59,43,14,636000.00),
	 (146,60,41,14,56000.00),
	 (147,60,17,1,40000.00),
	 (148,60,18,17,24000.00),
	 (149,60,29,6,16000.00),
	 (150,61,32,4,13685.00),
	 (151,61,33,5,13685.00),
	 (152,62,1,6,243000.00),
	 (153,62,2,1,283500.00),
	 (154,64,13,10,2460.00),
	 (155,64,20,1,12300.00),
	 (156,64,26,4,6560.00),
	 (157,65,25,1,4125.00),
	 (158,65,24,14,4125.00),
	 (159,66,19,14,41500.00),
	 (160,66,34,9,16600.00),
	 (161,66,35,6,16600.00),
	 (162,66,36,5,18260.00),
	 (163,67,37,13,18370.00),
	 (164,67,42,16,8350.00),
	 (165,68,3,13,336000.00),
	 (166,68,28,20,252000.00),
	 (167,68,43,16,672000.00),
	 (168,69,1,1,253500.00),
	 (169,69,2,20,295750.00),
	 (170,70,41,13,59500.00),
	 (171,70,17,11,42500.00),
	 (172,70,18,13,25500.00);


-- ########################################################################
--							C L I E N T E S
-- ########################################################################

INSERT INTO CLIENTES (ID_CLIENTE,NOMBRE,APELLIDO,ID_BARRIO,TELEFONO,EMAIL) VALUES
	 (1,'Alan','Aguilar',15,3514010505,'alan.aguilar@gmail.com'),
	 (2,'Gabriela','Soto',12,7207544015,'gabriela.soto@gmail.com'),
	 (3,'Javier','Arias',26,4496660554,'javier.arias@gmail.com'),
	 (4,'Alexia','Medina',1,3819452065,'alexia.medina@gmail.com'),
	 (5,'Maximiliano','Leon',32,2473613850,'maximiliano.leon@gmail.com'),
	 (6,'Eva','Suarez',35,6155453022,'eva.suarez@gmail.com'),
	 (7,'Mauricio','Mendez',25,7239596337,'mauricio.mendez@gmail.com'),
	 (8,'Iris','Herrero',34,2798828920,'iris.herrero@gmail.com'),
	 (9,'Antonio','Rubio',21,8028727669,'antonio.rubio@gmail.com'),
	 (10,'Aurora','Ruiz',31,9474750791,'aurora.ruiz@gmail.com'),
	 (11,'Omar','Gonzalez',27,7960285018,'omar.gonzalez@gmail.com'),
	 (12,'Daniela','Campos',36,9579927564,'daniela.campos@gmail.com'),
	 (13,'Ada','Ramos',18,7577255038,'ada.ramos@gmail.com'),
	 (14,'Sofía','Fernandez',3,5925125041,'sofía.fernandez@gmail.com'),
	 (15,'Diana','Ibañez',37,9773275249,'diana.ibañez@gmail.com'),
	 (16,'Lilian','Martinez',14,7866787797,'lilian.martinez@gmail.com'),
	 (17,'Estrella','Garrido',10,8879726619,'estrella.garrido@gmail.com'),
	 (18,'Óliver','Soler',13,1801083097,'óliver.soler@gmail.com'),
	 (19,'Clara','Carmona',20,2279397103,'clara.carmona@gmail.com'),
	 (20,'Tobías','Vega',16,8889189006,'tobías.vega@gmail.com'),
	 (21,'Lucía','Gallego',30,4165655326,'lucía.gallego@gmail.com'),
	 (22,'Jesús','Molina',11,8944481379,'jesús.molina@gmail.com'),
	 (23,'Nicolás','Ortega',9,8172790915,'nicolás.ortega@gmail.com'),
	 (24,'Lila','Pastor',19,7284062797,'lila.pastor@gmail.com'),
	 (25,'Marco','Gimenez',33,9129402944,'marco.gimenez@gmail.com'),
	 (26,'Nora','Navarro',24,4926628374,'nora.navarro@gmail.com'),
	 (27,'Mónica','Vazquez',8,2112423475,'mónica.vazquez@gmail.com'),
	 (28,'Liliana','Castro',29,3296908444,'liliana.castro@gmail.com'),
	 (29,'Brenda','Cruz',28,8957111439,'brenda.cruz@gmail.com'),
	 (30,'Vivian','Ramirez',7,7738415952,'vivian.ramirez@gmail.com'),
	 (31,'Alexis','Santana',6,4277354032,'alexis.santana@gmail.com'),
	 (32,'Angelina','Cortes',22,4722706380,'angelina.cortes@gmail.com'),
	 (33,'Sergio','Torres',2,9458373318,'sergio.torres@gmail.com'),
	 (34,'Emilia','Mora',17,9852601381,'emilia.mora@gmail.com'),
	 (35,'Penélope','Vicente',23,6791488311,'penélope.vicente@gmail.com'),
	 (36,'Héctor','Cano',4,4619461911,'héctor.cano@gmail.com'),
	 (37,'Ariana','Marquez',5,1383899529,'ariana.marquez@gmail.com'),
	 (38,'Carlos','Rojas',24,8062616592,'carlos.rojas@gmail.com'),
	 (39,'José','Gutierrez',6,7953231449,'josé.gutierrez@gmail.com'),
	 (40,'Alonzo','Lorenzo',28,1582774292,'alonzo.lorenzo@gmail.com'),
	 (41,'Isabela','Gil',7,8790645410,'isabela.gil@gmail.com'),
	 (42,'Marisol','Herrera',29,9656070550,'marisol.herrera@gmail.com'),
	 (43,'Julián','Gomez',13,3140167223,'julián.gomez@gmail.com'),
	 (44,'Eduardo','Perez',4,9275014057,'eduardo.perez@gmail.com'),
	 (45,'Arturo','Muñoz',14,1074505976,'arturo.muñoz@gmail.com'),
	 (46,'Fernando','Prieto',25,6431148067,'fernando.prieto@gmail.com'),
	 (47,'Felipe','Garcia',26,9072730643,'felipe.garcia@gmail.com'),
	 (48,'Martín','Ferrer',9,3241248149,'martín.ferrer@gmail.com'),
	 (49,'Saúl','Montero',34,5343489517,'saúl.montero@gmail.com'),
	 (50,'Sara','Benitez',16,3358408710,'sara.benitez@gmail.com'),
	 (51,'Melina','Moya',20,1581814395,'melina.moya@gmail.com'),
	 (52,'Adriana','Martin',1,8795439875,'adriana.martin@gmail.com'),
	 (53,'Noé','Marin',11,2146354991,'noé.marin@gmail.com'),
	 (54,'Alina','Santiago',31,8424207697,'alina.santiago@gmail.com'),
	 (55,'Ramón','Sanz',33,8958674395,'ramón.sanz@gmail.com'),
	 (56,'Amelia','Jimenez',27,6932089136,'amelia.jimenez@gmail.com'),
	 (57,'Dulce','Serrano',18,3808581621,'dulce.serrano@gmail.com'),
	 (58,'Gabriel','Alvarez',21,7888785461,'gabriel.alvarez@gmail.com'),
	 (59,'Mercedes','Fuentes',8,8664836117,'mercedes.fuentes@gmail.com'),
	 (60,'Victoria','Romero',15,7522566660,'victoria.romero@gmail.com'),
	 (61,'Jaime','Cabrera',35,8599792909,'jaime.cabrera@gmail.com'),
	 (62,'Amanda','Alonso',5,5164878650,'amanda.alonso@gmail.com'),
	 (63,'Ximena','Bravo',23,2549049384,'ximena.bravo@gmail.com'),
	 (64,'Fátima','Morales',12,5353773307,'fátima.morales@gmail.com'),
	 (65,'Regina','Ortiz',32,7515795224,'regina.ortiz@gmail.com'),
	 (66,'Enrique','Diaz',37,9637921305,'enrique.diaz@gmail.com'),
	 (67,'Jairo','Dominguez',3,9977555084,'jairo.dominguez@gmail.com'),
	 (68,'Orlando','Carrasco',30,8191651854,'orlando.carrasco@gmail.com'),
	 (69,'Gerardo','Castillo',22,2868951000,'gerardo.castillo@gmail.com'),
	 (70,'Patricia','Rodriguez',36,3768019889,'patricia.rodriguez@gmail.com'),
	 (71,'Leonardo','Nieto',2,8638410549,'leonardo.nieto@gmail.com'),
	 (72,'Olivia','Vargas',19,6698971441,'olivia.vargas@gmail.com'),
	 (73,'Carmen','Flores',10,5792986172,'carmen.flores@gmail.com'),
	 (74,'Pedro','Pascual',17,4367844008,'pedro.pascual@gmail.com'),
	 (75,'Paúl','Parra',37,7484719358,'paúl.parra@gmail.com'),
	 (76,'América','Lopez',4,5562389546,'américa.lopez@gmail.com'),
	 (77,'Matías','Hernandez',9,3550340547,'matías.hernandez@gmail.com'),
	 (78,'Celeste','Caballero',20,8252763761,'celeste.caballero@gmail.com'),
	 (79,'Xavier','Saez',32,8410470660,'xavier.saez@gmail.com'),
	 (80,'Angélica','Roman',36,7396044478,'angélica.roman@gmail.com'),
	 (81,'Víctor','Nuñez',21,1869528751,'víctor.nuñez@gmail.com'),
	 (82,'Ricardo','Hidalgo',19,1405956293,'ricardo.hidalgo@gmail.com'),
	 (83,'Guadalupe','Santos',15,4925412762,'guadalupe.santos@gmail.com'),
	 (84,'Elena','Iglesias',35,8483900978,'elena.iglesias@gmail.com'),
	 (85,'Luis','Velasco',29,7563638301,'luis.velasco@gmail.com'),
	 (86,'Raquel','Gallardo',23,8102222333,'raquel.gallardo@gmail.com'),
	 (87,'Daniella','Delgado',26,7763438340,'daniella.delgado@gmail.com'),
	 (88,'Maya','Rivera',1,1787069832,'maya.rivera@gmail.com'),
	 (89,'Max','Guerrero',10,1710791484,'max.guerrero@gmail.com'),
	 (90,'Alfredo','Peña',17,5348890669,'alfredo.peña@gmail.com'),
	 (91,'Serena','Reyes',28,7300660633,'serena.reyes@gmail.com'),
	 (92,'Simón','Lozano',24,9798772308,'simón.lozano@gmail.com'),
	 (93,'Abram','Duran',12,5561011340,'abram.duran@gmail.com'),
	 (94,'Elsa','Vidal',5,3754210006,'elsa.vidal@gmail.com'),
	 (95,'Armando','Blanco',8,4199535077,'armando.blanco@gmail.com'),
	 (96,'Joaquín','Sanchez',22,3692354249,'joaquín.sanchez@gmail.com'),
	 (97,'Diego','Diez',7,5100543999,'diego.diez@gmail.com'),
	 (98,'Carolina','Calvo',18,6913297935,'carolina.calvo@gmail.com'),
	 (99,'Elisa','Crespo',25,5147866260,'elisa.crespo@gmail.com'),
	 (100,'Rodrigo','Moreno',2,8415464566,'rodrigo.moreno@gmail.com'),
	 (101,'Jimena','Diez',16,8060390685,'jimena.diez@gmail.com'),
	 (102,'Serena','Peña',13,7777852645,'serena.peña@gmail.com');

-- ########################################################################
--							L U T H I E R S
-- ########################################################################

INSERT INTO LUTHIERS (ID_LUTHIER,NOMBRE,APELLIDO) VALUES
	 (1,'Diego','Garrido'),
	 (2,'Asia','Carmona'),
	 (3,'Antonio','Vega'),
	 (4,'Pedro','Gallego'),
	 (5,'Alexia','Molina'),
	 (6,'Lorenzo','Ortega'),
	 (7,'Luis','Pastor'),
	 (8,'Ángel','Gimenez'),
	 (9,'Valentina','Navarro');




-- ########################################################################
--							F A C T U R A S
-- ########################################################################

INSERT INTO FACTURAS (NRO_FACTURA,FECHA,LEGAJO,ID_CLIENTE,ID_PAGO,ID_SEDE,ID_ENVIO) VALUES
	 (1,'2022-05-11',1553,61,5,5,5),
	 (2,'2022-05-14',1552,50,4,5,1),
	 (3,'2022-05-17',4012,9,1,2,2),
	 (4,'2022-05-19',2009,53,4,3,5),
	 (5,'2022-05-20',1121,23,5,1,3),
	 (6,'2022-05-22',1466,27,4,4,6),
	 (7,'2022-05-24',1356,6,3,3,2),
	 (8,'2022-05-26',2005,68,1,2,4),
	 (9,'2022-05-29',1113,1,3,1,1),
	 (10,'2022-06-01',3768,30,5,2,2),
	 (11,'2022-06-04',1143,69,1,2,4),
	 (12,'2022-06-05',4452,22,2,5,2),
	 (13,'2022-06-08',1598,20,2,5,3),
	 (14,'2022-06-09',1344,81,3,3,6),
	 (15,'2022-06-11',1333,89,2,3,6),
	 (16,'2022-06-13',1253,77,5,2,5),
	 (17,'2022-06-15',1532,38,1,5,4),
	 (18,'2022-06-18',1167,101,2,1,6),
	 (19,'2022-06-21',2003,36,2,1,3),
	 (20,'2022-06-24',1354,18,5,3,2),
	 (21,'2022-06-25',1452,46,4,4,1),
	 (22,'2022-06-28',1322,92,3,3,6),
	 (23,'2022-06-29',3769,70,3,1,1),
	 (24,'2022-07-01',2189,7,4,5,2),
	 (25,'2022-07-03',2185,83,4,4,5),
	 (26,'2022-07-06',3153,40,2,1,3),
	 (27,'2022-07-09',2001,19,1,1,3),
	 (28,'2022-07-12',1221,96,1,2,5),
	 (29,'2022-07-14',1421,26,3,4,2),
	 (30,'2022-07-17',1498,24,5,4,6),
	 (31,'2022-07-20',1145,66,3,1,6),
	 (32,'2022-07-23',1455,65,2,4,4),
	 (33,'2022-07-25',4175,98,1,3,6),
	 (34,'2022-07-27',1511,15,5,5,5),
	 (35,'2022-07-30',1366,17,4,3,3),
	 (36,'2022-08-02',3149,85,4,4,6),
	 (37,'2022-08-03',1521,79,1,5,1),
	 (38,'2022-08-05',1275,56,4,2,6),
	 (39,'2022-08-07',1266,16,1,2,1),
	 (40,'2022-08-10',2043,95,3,4,2),
	 (41,'2022-08-13',4092,4,3,1,5),
	 (42,'2022-08-14',1244,44,2,2,6),
	 (43,'2022-08-15',2000,14,5,1,5),
	 (44,'2022-08-16',1176,21,3,1,5),
	 (45,'2022-08-18',3100,51,4,5,4),
	 (46,'2022-08-20',3441,84,4,2,3),
	 (47,'2022-08-23',1154,31,4,1,1),
	 (48,'2022-08-24',1243,33,3,2,4),
	 (49,'2022-08-25',1432,100,3,4,3),
	 (50,'2022-08-27',4232,48,2,4,6),
	 (51,'2022-08-28',1277,59,5,2,4),
	 (52,'2022-08-29',1375,91,5,3,4),
	 (53,'2022-08-31',1411,55,2,4,5),
	 (54,'2022-09-01',1133,80,1,1,3),
	 (55,'2022-09-02',2113,39,2,4,4),
	 (56,'2022-09-04',1265,62,5,2,5),
	 (57,'2022-09-05',1311,2,2,3,1),
	 (58,'2022-09-08',1411,25,1,4,2),
	 (59,'2022-09-09',1121,45,5,1,4),
	 (60,'2022-09-12',2005,5,1,2,4),
	 (61,'2022-09-14',3768,28,5,2,6),
	 (62,'2022-09-16',1266,87,1,2,1),
	 (63,'2022-09-18',3149,57,2,4,3),
	 (64,'2022-09-20',2000,3,5,1,4),
	 (65,'2022-09-23',1521,49,4,5,2),
	 (66,'2022-09-24',4092,74,4,1,5),
	 (67,'2022-09-27',4452,12,2,5,2),
	 (68,'2022-09-29',1455,13,3,4,1),
	 (69,'2022-10-02',2043,99,3,4,2),
	 (70,'2022-10-05',1598,72,2,5,1),
	 (71,'2022-10-08',1154,34,2,1,4),
	 (72,'2022-10-10',1354,78,1,3,2),
	 (73,'2022-10-13',1532,32,2,5,1),
	 (74,'2022-10-14',1466,43,3,4,1),
	 (75,'2022-10-15',1244,97,1,2,4),
	 (76,'2022-10-17',4175,11,5,3,1),
	 (77,'2022-10-18',2185,42,1,4,3),
	 (78,'2022-10-21',1176,37,4,1,5),
	 (79,'2022-10-22',1366,67,1,3,3),
	 (80,'2022-10-23',1253,54,2,2,4),
	 (81,'2022-10-25',1113,94,1,1,2),
	 (82,'2022-10-26',1421,10,3,4,4),
	 (83,'2022-10-27',1498,8,4,4,1),
	 (84,'2022-10-29',1511,64,4,5,2),
	 (85,'2022-10-30',3769,71,3,1,4),
	 (86,'2022-11-02',1552,73,3,5,4),
	 (87,'2022-11-05',1333,75,5,3,6),
	 (88,'2022-11-08',1553,88,4,5,4),
	 (89,'2022-11-10',3441,29,5,2,3),
	 (90,'2022-11-11',1432,47,5,4,2),
	 (91,'2022-11-12',2009,35,3,3,1),
	 (92,'2022-11-13',1452,60,3,4,1),
	 (93,'2022-11-14',1275,82,3,2,1),
	 (94,'2022-11-16',1356,58,4,3,6),
	 (95,'2022-11-17',1167,86,5,1,5),
	 (96,'2022-11-20',3100,41,2,5,1),
	 (97,'2022-11-21',2001,93,4,1,4),
	 (98,'2022-11-22',1133,76,5,1,3),
	 (99,'2022-11-24',1277,90,5,2,1),
	 (100,'2022-11-25',4232,52,3,4,6),
	 (101,'2022-11-26',1311,102,5,3,5),
	 (102,'2022-11-27',1265,63,1,2,5),
	 (103,'2022-11-30',1344,66,2,3,6),
	 (104,'2022-12-03',2189,35,5,5,2),
	 (105,'2022-12-05',1375,68,2,3,6),
	 (106,'2022-12-07',1221,72,1,2,3),
	 (107,'2022-12-08',1145,39,3,1,3),
	 (108,'2022-12-10',1243,56,1,2,4),
	 (109,'2022-12-13',2113,90,1,4,5),
	 (110,'2022-12-16',3153,78,1,1,2),
	 (111,'2022-12-19',2003,14,4,1,5),
	 (112,'2022-12-21',1322,82,5,3,3),
	 (113,'2022-12-22',1143,40,4,2,2),
	 (114,'2022-12-24',4012,21,2,2,3),
	 (115,'2022-12-25',2185,13,1,4,6),
	 (116,'2022-12-26',2003,7,3,1,5),
	 (117,'2022-12-28',1532,16,4,5,2),
	 (118,'2022-12-30',3769,86,4,1,3),
	 (119,'2023-01-01',1133,89,2,1,6),
	 (120,'2023-01-02',1452,3,2,4,2),
	 (121,'2023-01-04',3768,98,5,2,5),
	 (122,'2023-01-07',1143,85,3,2,3),
	 (123,'2023-01-09',4175,80,4,3,1),
	 (124,'2023-01-12',1113,2,3,1,6),
	 (125,'2023-01-13',1356,74,2,3,4),
	 (126,'2023-01-16',1176,38,1,1,5),
	 (127,'2023-01-17',1121,47,5,1,3),
	 (128,'2023-01-18',3100,64,2,5,6),
	 (129,'2023-01-19',1277,76,4,2,2),
	 (130,'2023-01-21',1432,18,1,4,1),
	 (131,'2023-01-23',1154,62,3,1,3),
	 (132,'2023-01-24',3149,9,2,4,5),
	 (133,'2023-01-25',1498,53,1,4,5),
	 (134,'2023-01-26',1265,28,2,2,5),
	 (135,'2023-01-28',4232,30,5,4,2),
	 (136,'2023-01-31',1455,91,1,4,1),
	 (137,'2023-02-02',1366,93,5,3,2),
	 (138,'2023-02-04',1521,27,1,5,1),
	 (139,'2023-02-05',2001,41,3,1,4),
	 (140,'2023-02-08',1275,20,4,2,2),
	 (141,'2023-02-09',4092,11,5,1,1),
	 (142,'2023-02-12',4452,60,5,5,1),
	 (143,'2023-02-13',1333,69,3,3,4),
	 (144,'2023-02-14',1253,32,1,2,1),
	 (145,'2023-02-17',1266,96,4,2,3),
	 (146,'2023-02-18',1411,29,2,4,5),
	 (147,'2023-02-20',1552,42,3,5,3),
	 (148,'2023-02-22',2005,45,4,2,4),
	 (149,'2023-02-25',2000,97,2,1,2),
	 (150,'2023-02-27',1145,33,4,1,4),
	 (151,'2023-02-28',3153,87,4,1,1),
	 (152,'2023-03-01',1598,6,5,5,2),
	 (153,'2023-03-03',1244,92,3,2,4),
	 (154,'2023-03-05',2043,51,5,4,4),
	 (155,'2023-03-07',1421,23,1,4,6),
	 (156,'2023-03-08',1221,31,1,2,4),
	 (157,'2023-03-10',1553,12,4,5,3),
	 (158,'2023-03-12',1354,36,4,3,2),
	 (159,'2023-03-13',3441,102,3,2,1),
	 (160,'2023-03-16',1243,84,2,2,1),
	 (161,'2023-03-18',2009,94,2,3,1),
	 (162,'2023-03-19',2113,10,5,4,6),
	 (163,'2023-03-20',1322,15,2,3,5),
	 (164,'2023-03-22',1466,24,1,4,1),
	 (165,'2023-03-23',1344,37,5,3,4),
	 (166,'2023-03-25',2189,70,5,5,3),
	 (167,'2023-03-28',4012,57,5,2,1),
	 (168,'2023-03-31',1375,55,3,3,6),
	 (169,'2023-04-02',1167,8,3,1,5),
	 (170,'2023-04-05',1511,88,4,5,5),
	 (171,'2023-04-07',1311,22,2,3,6),
	 (172,'2023-04-09',1243,17,1,2,2),
	 (173,'2023-04-10',1356,5,2,3,6),
	 (174,'2023-04-12',3441,99,4,2,3),
	 (175,'2023-04-13',1333,58,3,3,3),
	 (176,'2023-04-14',3100,19,1,5,4),
	 (177,'2023-04-17',1133,95,3,1,5),
	 (178,'2023-04-19',2003,49,4,1,2),
	 (179,'2023-04-21',1553,100,1,5,5),
	 (180,'2023-04-22',1145,34,2,1,3),
	 (181,'2023-04-25',1366,1,2,3,2),
	 (182,'2023-04-26',2009,83,2,3,3),
	 (183,'2023-04-28',4175,52,2,3,6),
	 (184,'2023-04-29',1176,75,4,1,5),
	 (185,'2023-05-01',1266,54,5,2,2),
	 (186,'2023-05-03',2043,63,4,4,3),
	 (187,'2023-05-04',3153,46,5,1,6),
	 (188,'2023-05-07',1167,77,1,1,2),
	 (189,'2023-05-10',2000,43,4,1,5),
	 (190,'2023-05-11',1113,79,5,1,3),
	 (191,'2023-05-12',1344,48,1,3,1),
	 (192,'2023-05-14',1411,25,2,4,6),
	 (193,'2023-05-15',1452,4,1,4,4),
	 (194,'2023-05-16',1265,81,1,2,5),
	 (195,'2023-05-18',4232,44,3,4,3),
	 (196,'2023-05-21',1498,50,4,4,6),
	 (197,'2023-05-24',1277,59,4,2,2),
	 (198,'2023-05-25',2005,26,3,2,1),
	 (199,'2023-05-28',1253,65,5,2,3),
	 (200,'2023-05-29',1275,71,3,2,5),
	 (201,'2023-06-01',1511,67,3,5,4),
	 (202,'2023-06-03',1375,73,3,3,3),
	 (203,'2023-06-05',1552,61,1,5,2),
	 (204,'2023-06-08',2001,101,2,1,1),
	 (205,'2023-06-11',1121,99,3,1,1),
	 (206,'2023-06-13',1322,8,1,3,1),
	 (207,'2023-06-15',1421,1,5,4,6),
	 (208,'2023-06-16',1354,60,5,3,5),
	 (209,'2023-06-19',2185,2,4,4,1),
	 (210,'2023-06-21',4452,93,2,5,4),
	 (211,'2023-06-24',2113,36,1,4,3),
	 (212,'2023-06-26',3769,87,4,1,1),
	 (213,'2023-06-28',1521,90,5,5,6),
	 (214,'2023-07-01',3149,74,3,4,5),
	 (215,'2023-07-02',1466,27,4,4,5),
	 (216,'2023-07-03',2189,35,5,5,6),
	 (217,'2023-07-06',1455,16,1,4,2),
	 (218,'2023-07-09',1532,57,2,5,6),
	 (219,'2023-07-10',4012,32,3,2,3),
	 (220,'2023-07-13',1244,10,3,2,3),
	 (221,'2023-07-16',1154,22,3,1,4),
	 (222,'2023-07-17',1143,31,2,2,5),
	 (223,'2023-07-20',4092,23,5,1,2),
	 (224,'2023-07-21',1432,15,1,4,5),
	 (225,'2023-07-22',1598,7,5,5,3),
	 (226,'2023-07-23',3768,14,4,2,1),
	 (227,'2023-07-24',1221,71,3,2,6),
	 (228,'2023-07-26',1311,84,3,3,4),
	 (229,'2023-07-27',1598,46,4,5,5),
	 (230,'2023-07-30',2043,58,4,4,3),
	 (231,'2023-08-02',1511,41,2,5,6),
	 (232,'2023-08-04',2001,68,1,1,2),
	 (233,'2023-08-07',1266,51,1,2,1),
	 (234,'2023-08-10',4012,55,5,2,3),
	 (235,'2023-08-11',2189,49,2,5,5),
	 (236,'2023-08-13',2003,38,2,1,5),
	 (237,'2023-08-16',4092,101,4,1,5),
	 (238,'2023-08-18',2113,66,5,4,2),
	 (239,'2023-08-19',1521,12,2,5,1),
	 (240,'2023-08-21',1322,78,1,3,2),
	 (241,'2023-08-23',3769,11,4,1,1),
	 (242,'2023-08-24',1253,86,2,2,4),
	 (243,'2023-08-25',1121,56,1,1,2),
	 (244,'2023-08-26',4452,67,1,5,1),
	 (245,'2023-08-27',1344,24,5,3,1),
	 (246,'2023-08-28',1498,98,4,4,4),
	 (247,'2023-08-29',4232,52,5,4,1),
	 (248,'2023-08-31',1356,47,1,3,3),
	 (249,'2023-09-02',1452,61,2,4,5),
	 (250,'2023-09-03',1265,44,3,2,2),
	 (251,'2023-09-06',1432,92,3,4,1),
	 (252,'2023-09-08',1143,59,3,2,2),
	 (253,'2023-09-11',1113,42,2,1,1),
	 (254,'2023-09-13',1354,69,5,3,4),
	 (255,'2023-09-15',1176,70,1,1,5),
	 (256,'2023-09-17',1113,39,5,1,3);


-- ########################################################################
--						D E T A L L E	F A C T U R A S
-- ########################################################################

INSERT INTO DETALLE_FACTURA (ID_DET_FACT,NRO_FACTURA,ID_PRODUCTO,CANTIDAD,PRECIO) VALUES
	 (1,1,30,3,7650.00),
	 (2,1,11,3,1020.00),
	 (3,2,16,1,408.00),
	 (4,2,10,2,510.00),
	 (5,2,42,2,5100.00),
	 (6,3,31,2,7650.00),
	 (7,3,19,2,25500.00),
	 (8,4,3,2,204000.00),
	 (9,4,38,2,2080.00),
	 (10,4,28,3,156000.00),
	 (11,5,32,2,8840.00),
	 (12,5,7,2,1040.00),
	 (13,5,9,1,1560.00),
	 (14,5,39,1,5200.00),
	 (15,5,15,3,364.00),
	 (16,6,25,3,2600.00),
	 (17,6,37,1,11660.00),
	 (18,6,27,2,3710.00),
	 (19,7,29,3,10600.00),
	 (20,7,23,1,2650.00),
	 (21,7,34,1,10600.00),
	 (22,8,21,1,10600.00),
	 (23,8,27,1,3710.00),
	 (24,8,11,3,1060.00),
	 (25,9,7,1,1080.00),
	 (26,9,19,1,27000.00),
	 (27,10,8,3,1080.00),
	 (28,10,44,3,648000.00),
	 (29,10,32,2,9180.00),
	 (30,10,24,3,2700.00),
	 (31,11,10,3,540.00),
	 (32,11,6,3,1080.00),
	 (33,11,17,3,27500.00),
	 (34,11,5,3,247500.00),
	 (35,12,15,2,385.00),
	 (36,12,21,3,11000.00),
	 (37,12,43,2,440000.00),
	 (38,13,18,3,16500.00),
	 (39,13,2,2,192500.00),
	 (40,13,12,3,1100.00),
	 (41,13,26,2,4480.00),
	 (42,14,3,3,224000.00),
	 (43,14,30,3,8400.00),
	 (44,14,28,2,168000.00),
	 (45,15,42,2,5600.00),
	 (46,15,5,2,252000.00),
	 (47,15,23,2,2800.00),
	 (48,16,11,1,1120.00),
	 (49,16,1,2,171000.00),
	 (50,16,29,2,11400.00),
	 (51,17,21,2,11400.00),
	 (52,17,33,2,9690.00),
	 (53,17,31,1,8550.00),
	 (54,18,13,2,1710.00),
	 (55,18,13,3,1710.00),
	 (56,18,44,2,684000.00),
	 (57,18,4,1,290000.00),
	 (58,18,38,2,2320.00),
	 (59,19,37,1,12760.00),
	 (60,19,20,3,8700.00),
	 (61,19,2,3,203000.00),
	 (62,19,36,1,12760.00),
	 (63,19,25,3,2900.00),
	 (64,20,18,1,17400.00),
	 (65,20,22,1,118000.00),
	 (66,20,38,1,2360.00),
	 (67,21,14,3,295.00),
	 (68,21,14,2,295.00),
	 (69,22,3,1,236000.00),
	 (70,22,33,2,10030.00),
	 (71,22,27,3,4130.00),
	 (72,22,10,1,590.00),
	 (73,22,40,1,5400.00),
	 (74,23,22,2,120000.00),
	 (75,23,18,1,18000.00),
	 (76,23,39,2,6000.00),
	 (77,23,6,2,1200.00),
	 (78,24,41,3,42000.00),
	 (79,24,35,3,12000.00),
	 (80,25,22,3,120000.00),
	 (81,25,35,2,12200.00),
	 (82,25,43,3,488000.00),
	 (83,25,41,2,42700.00),
	 (84,26,23,3,3050.00),
	 (85,26,36,1,13420.00),
	 (86,26,4,2,305000.00),
	 (87,27,30,1,9150.00),
	 (88,27,5,3,274500.00),
	 (89,28,9,2,1860.00),
	 (90,28,1,2,186000.00),
	 (91,28,39,3,6200.00),
	 (92,28,19,2,31000.00),
	 (93,29,4,2,310000.00),
	 (94,29,24,2,3100.00),
	 (95,29,40,1,5580.00),
	 (96,29,28,2,186000.00),
	 (97,29,42,1,6300.00),
	 (98,30,33,2,10710.00),
	 (99,31,26,2,5040.00),
	 (100,31,16,1,504.00),
	 (101,31,1,2,189000.00),
	 (102,31,6,1,1260.00),
	 (103,32,44,1,756000.00),
	 (104,32,9,2,1890.00),
	 (105,32,35,3,12800.00),
	 (106,32,16,1,512.00),
	 (107,33,17,2,32000.00),
	 (108,33,36,2,14080.00),
	 (109,33,40,2,5760.00),
	 (110,33,7,1,1280.00),
	 (111,34,17,2,32000.00),
	 (112,34,26,1,5120.00),
	 (113,34,41,1,45500.00),
	 (114,35,32,1,11050.00),
	 (115,35,34,2,13000.00),
	 (116,36,43,3,520000.00),
	 (117,36,2,2,227500.00),
	 (118,36,37,1,14300.00),
	 (119,37,15,1,455.00),
	 (120,37,20,1,9750.00),
	 (121,37,14,2,330.00),
	 (122,37,13,3,1980.00),
	 (123,38,25,2,3300.00),
	 (124,38,31,3,9900.00),
	 (125,38,34,3,13200.00),
	 (126,39,12,1,1320.00),
	 (127,39,29,1,13200.00),
	 (128,40,8,2,1320.00),
	 (129,40,8,3,1340.00),
	 (130,41,20,1,10050.00),
	 (131,41,24,3,3350.00),
	 (132,42,12,2,1340.00),
	 (133,42,34,2,13400.00),
	 (134,42,35,3,13400.00),
	 (135,43,25,3,3350.00),
	 (136,43,5,3,301500.00),
	 (137,43,1,1,204000.00),
	 (138,43,4,1,340000.00),
	 (139,44,38,3,2720.00),
	 (140,44,16,1,544.00),
	 (141,44,12,3,1360.00),
	 (142,44,19,3,34000.00),
	 (143,45,9,1,2040.00),
	 (144,45,18,1,20400.00),
	 (145,45,6,3,1380.00),
	 (146,46,14,2,345.00),
	 (147,46,17,1,34500.00),
	 (148,46,33,2,11730.00),
	 (149,47,35,3,13800.00),
	 (150,47,29,1,13800.00),
	 (151,47,38,3,2760.00),
	 (152,48,15,2,483.00),
	 (153,48,40,2,6300.00),
	 (154,48,10,3,700.00),
	 (155,49,34,3,14000.00),
	 (156,49,39,2,7000.00),
	 (157,50,23,1,3500.00),
	 (158,50,33,3,11900.00),
	 (159,50,5,3,315000.00),
	 (160,51,9,2,2100.00),
	 (161,51,10,2,710.00),
	 (162,51,40,3,6390.00),
	 (163,51,39,3,7100.00),
	 (164,52,44,1,852000.00),
	 (165,52,27,2,4970.00),
	 (166,53,42,1,7100.00),
	 (167,53,13,1,2130.00),
	 (168,53,4,1,355000.00),
	 (169,54,42,2,7200.00),
	 (170,54,37,2,15840.00),
	 (171,55,1,3,216000.00),
	 (172,55,44,3,864000.00),
	 (173,56,18,2,21600.00),
	 (174,56,19,2,36000.00),
	 (175,56,21,2,14400.00),
	 (176,57,2,3,252000.00),
	 (177,57,26,1,5840.00),
	 (178,58,36,3,16060.00),
	 (179,58,24,2,3650.00),
	 (180,59,36,1,16060.00),
	 (181,59,41,1,51100.00),
	 (182,59,28,3,219000.00),
	 (183,59,40,1,6570.00),
	 (184,60,43,3,584000.00),
	 (185,60,12,2,1480.00),
	 (186,61,37,1,16280.00),
	 (187,61,31,1,11100.00),
	 (188,61,7,2,1480.00),
	 (189,62,4,1,370000.00),
	 (190,62,41,2,51800.00),
	 (191,63,17,3,37000.00),
	 (192,63,2,2,259000.00),
	 (193,63,14,2,375.00),
	 (194,64,10,1,750.00),
	 (195,64,13,2,2250.00),
	 (196,64,8,2,1500.00),
	 (197,64,26,2,6000.00),
	 (198,65,35,3,15000.00),
	 (199,65,37,3,16500.00),
	 (200,65,19,3,37500.00),
	 (201,65,8,3,1520.00),
	 (202,66,12,2,1520.00),
	 (203,66,25,3,3800.00),
	 (204,66,7,1,1520.00),
	 (205,67,44,3,912000.00),
	 (206,67,16,1,608.00),
	 (207,67,15,1,532.00),
	 (208,67,42,3,7600.00),
	 (209,68,20,2,11550.00),
	 (210,68,30,2,11550.00),
	 (211,68,18,1,23100.00),
	 (212,69,33,3,13090.00),
	 (213,69,21,2,15400.00),
	 (214,69,3,1,308000.00),
	 (215,69,17,2,38500.00),
	 (216,70,26,3,6160.00),
	 (217,70,22,1,156000.00),
	 (218,70,24,2,3900.00),
	 (219,70,28,2,234000.00),
	 (220,70,29,1,15600.00),
	 (221,71,41,3,54600.00),
	 (222,71,38,3,3120.00),
	 (223,71,6,3,1560.00),
	 (224,72,8,1,1560.00),
	 (225,72,28,2,237000.00),
	 (226,72,21,3,15800.00),
	 (227,73,31,3,11850.00),
	 (228,73,11,2,1580.00),
	 (229,73,15,1,553.00),
	 (230,74,16,1,632.00),
	 (231,74,29,3,15800.00),
	 (232,74,20,2,11850.00),
	 (233,75,3,1,320000.00),
	 (234,75,31,2,12000.00),
	 (235,75,1,3,240000.00),
	 (236,75,32,3,13600.00),
	 (237,76,2,1,280000.00),
	 (238,76,23,1,4000.00),
	 (239,76,11,2,1600.00),
	 (240,76,9,2,2400.00),
	 (241,77,13,3,2430.00),
	 (242,77,14,1,405.00),
	 (243,78,43,1,648000.00),
	 (244,78,6,3,1620.00),
	 (245,78,11,2,1620.00),
	 (246,79,32,1,13770.00),
	 (247,79,27,1,5670.00),
	 (248,79,36,1,17820.00),
	 (249,80,24,2,4100.00),
	 (250,80,43,1,656000.00),
	 (251,81,7,2,1640.00),
	 (252,81,30,2,12300.00),
	 (253,82,23,1,4100.00),
	 (254,82,27,1,5740.00),
	 (255,82,25,1,4100.00),
	 (256,83,30,2,12300.00),
	 (257,83,32,1,14110.00),
	 (258,84,20,3,12450.00),
	 (259,84,34,3,16600.00),
	 (260,84,39,3,8300.00),
	 (261,85,3,1,332000.00),
	 (262,85,22,3,166000.00),
	 (263,85,5,2,373500.00),
	 (264,85,22,1,166000.00),
	 (265,86,36,2,18480.00),
	 (266,86,23,3,4200.00),
	 (267,86,4,2,420000.00),
	 (268,86,32,3,14280.00),
	 (269,87,22,1,168000.00),
	 (270,87,27,2,5880.00),
	 (271,87,14,3,420.00),
	 (272,88,27,1,5880.00),
	 (273,88,1,2,255000.00),
	 (274,88,30,3,12750.00),
	 (275,88,16,1,680.00),
	 (276,89,19,3,42500.00),
	 (277,89,7,2,1700.00),
	 (278,90,28,3,255000.00),
	 (279,91,28,3,255000.00),
	 (280,91,33,1,14450.00),
	 (281,91,10,1,860.00),
	 (282,92,6,3,1720.00),
	 (283,92,14,1,430.00),
	 (284,93,37,2,18920.00),
	 (285,93,8,2,1720.00),
	 (286,93,3,1,344000.00),
	 (287,93,2,2,301000.00),
	 (288,93,11,1,1720.00),
	 (289,94,3,2,348000.00),
	 (290,95,14,2,435.00),
	 (291,95,34,3,17400.00),
	 (292,95,18,2,26100.00),
	 (293,96,42,3,8700.00),
	 (294,96,21,2,17400.00),
	 (295,96,21,3,17400.00),
	 (296,97,5,3,391500.00),
	 (297,97,12,1,1760.00),
	 (298,97,10,3,880.00),
	 (299,98,25,3,4400.00),
	 (300,98,2,3,308000.00),
	 (301,98,1,1,264000.00),
	 (302,99,38,1,3520.00),
	 (303,99,40,3,7920.00),
	 (304,100,9,2,2640.00),
	 (305,100,12,3,1780.00),
	 (306,101,15,1,623.00),
	 (307,101,41,1,62300.00),
	 (308,101,23,1,4450.00),
	 (309,102,25,3,4450.00),
	 (310,102,18,1,26700.00),
	 (311,102,39,3,8900.00),
	 (312,102,10,3,890.00),
	 (313,103,19,1,45000.00),
	 (314,103,40,2,8100.00),
	 (315,103,36,2,19800.00),
	 (316,104,5,1,405000.00),
	 (317,104,33,1,15300.00),
	 (318,105,24,3,4500.00),
	 (319,105,38,3,3600.00),
	 (320,106,25,3,4500.00),
	 (321,106,44,2,1092000.00),
	 (322,107,3,1,364000.00),
	 (323,107,20,3,13650.00),
	 (324,108,35,1,18200.00),
	 (325,108,11,3,1820.00),
	 (326,108,32,3,15470.00),
	 (327,108,13,1,2730.00),
	 (328,109,30,2,13650.00),
	 (329,109,17,2,46000.00),
	 (330,110,43,2,736000.00),
	 (331,110,15,3,644.00),
	 (332,111,4,3,460000.00),
	 (333,112,8,3,1840.00),
	 (334,113,31,2,13800.00),
	 (335,113,24,3,4600.00),
	 (336,114,5,2,414000.00),
	 (337,114,30,2,13950.00),
	 (338,114,43,2,744000.00),
	 (339,115,13,2,2790.00),
	 (340,115,31,3,13950.00),
	 (341,115,20,3,13950.00),
	 (342,116,37,2,20460.00),
	 (343,116,24,1,4650.00),
	 (344,117,31,2,13950.00),
	 (345,117,22,3,188000.00),
	 (346,117,7,1,1880.00),
	 (347,117,13,3,2820.00),
	 (348,118,17,2,47000.00),
	 (349,118,41,2,65800.00),
	 (350,118,34,3,18800.00),
	 (351,119,9,3,2820.00),
	 (352,119,19,3,47000.00),
	 (353,119,20,1,14250.00),
	 (354,119,21,1,19000.00),
	 (355,119,42,1,9500.00),
	 (356,120,22,3,190000.00),
	 (357,120,39,2,9500.00),
	 (358,121,27,3,6650.00),
	 (359,121,9,2,2850.00),
	 (360,122,26,3,7600.00),
	 (361,122,29,3,19200.00),
	 (362,122,8,2,1920.00),
	 (363,122,39,2,9600.00),
	 (364,123,12,3,1920.00),
	 (365,124,44,2,1152000.00),
	 (366,125,32,1,16320.00),
	 (367,125,37,1,21120.00),
	 (368,125,38,1,3840.00),
	 (369,126,29,2,19400.00),
	 (370,126,6,2,1940.00),
	 (371,126,34,2,19400.00),
	 (372,126,36,1,21340.00),
	 (373,126,40,2,8730.00),
	 (374,127,26,1,7760.00),
	 (375,127,4,2,485000.00),
	 (376,128,16,1,776.00),
	 (377,128,42,3,9800.00),
	 (378,129,41,1,68600.00),
	 (379,129,33,3,16660.00),
	 (380,129,23,2,4900.00),
	 (381,130,7,2,1960.00),
	 (382,130,16,1,784.00),
	 (383,130,35,3,19600.00),
	 (384,130,2,2,343000.00),
	 (385,131,28,2,297000.00),
	 (386,131,26,1,7920.00),
	 (387,131,29,1,19800.00),
	 (388,131,44,2,1188000.00),
	 (389,132,17,2,49500.00),
	 (390,132,11,3,1980.00),
	 (391,132,1,3,297000.00),
	 (392,133,15,3,693.00),
	 (393,133,35,2,20000.00),
	 (394,133,43,1,800000.00),
	 (395,134,6,2,2000.00),
	 (396,134,18,2,30000.00),
	 (397,134,14,2,500.00),
	 (398,135,7,2,2000.00),
	 (399,135,40,3,9000.00),
	 (400,135,42,3,10000.00),
	 (401,136,29,3,20200.00),
	 (402,136,15,1,707.00),
	 (403,137,39,2,10100.00),
	 (404,137,22,1,202000.00),
	 (405,137,36,2,22220.00),
	 (406,138,25,2,5050.00),
	 (407,138,20,3,15150.00),
	 (408,138,26,1,8080.00),
	 (409,138,23,1,5100.00),
	 (410,138,41,2,71400.00),
	 (411,139,15,3,714.00),
	 (412,139,33,2,17340.00),
	 (413,139,14,1,510.00),
	 (414,140,1,2,306000.00),
	 (415,140,28,2,306000.00),
	 (416,140,24,1,5100.00),
	 (417,141,25,2,5150.00),
	 (418,141,37,1,22660.00),
	 (419,142,43,1,824000.00),
	 (420,142,23,3,5150.00),
	 (421,142,10,1,1030.00),
	 (422,142,18,1,30900.00),
	 (423,143,30,3,15450.00),
	 (424,143,13,1,3090.00),
	 (425,143,33,2,17680.00),
	 (426,144,32,2,17680.00),
	 (427,144,6,3,2080.00),
	 (428,144,39,2,10400.00),
	 (429,144,43,2,832000.00),
	 (430,145,4,1,520000.00),
	 (431,145,4,2,520000.00),
	 (432,145,1,2,312000.00),
	 (433,145,2,2,367500.00),
	 (434,145,38,1,4200.00),
	 (435,146,33,1,17850.00),
	 (436,146,30,1,15750.00),
	 (437,146,44,3,1260000.00),
	 (438,146,34,3,21000.00),
	 (439,147,8,1,2100.00),
	 (440,147,18,1,31500.00),
	 (441,147,18,3,31800.00),
	 (442,148,35,2,21200.00),
	 (443,148,32,2,18020.00),
	 (444,148,13,1,3180.00),
	 (445,149,42,3,10600.00),
	 (446,149,29,2,21200.00),
	 (447,150,22,2,212000.00),
	 (448,150,19,2,53000.00),
	 (449,150,28,3,321000.00),
	 (450,151,2,2,374500.00),
	 (451,151,30,3,16050.00),
	 (452,151,44,1,1284000.00),
	 (453,152,31,2,16050.00),
	 (454,152,9,2,3210.00),
	 (455,152,2,2,374500.00),
	 (456,153,34,3,21400.00),
	 (457,153,9,3,3240.00),
	 (458,153,6,3,2160.00),
	 (459,153,27,2,7560.00),
	 (460,153,32,3,18360.00),
	 (461,154,11,2,2160.00),
	 (462,154,38,2,4320.00),
	 (463,154,16,3,864.00),
	 (464,154,11,1,2160.00),
	 (465,155,20,2,16350.00),
	 (466,155,6,2,2180.00),
	 (467,155,3,1,436000.00),
	 (468,156,26,3,8720.00),
	 (469,157,37,1,23980.00),
	 (470,157,25,2,5450.00),
	 (471,158,7,1,2180.00),
	 (472,158,36,2,23980.00),
	 (473,158,42,2,11000.00),
	 (474,159,10,3,1100.00),
	 (475,159,40,3,9900.00),
	 (476,159,35,2,22000.00),
	 (477,159,3,3,440000.00),
	 (478,160,14,3,550.00),
	 (479,160,26,1,8800.00),
	 (480,160,36,3,24200.00),
	 (481,161,10,3,1110.00),
	 (482,161,40,2,9990.00),
	 (483,161,16,2,888.00),
	 (484,161,21,1,22200.00),
	 (485,162,9,3,3330.00),
	 (486,162,12,2,2220.00),
	 (487,162,44,1,1332000.00),
	 (488,162,17,1,55500.00),
	 (489,162,15,1,784.00),
	 (490,163,5,2,504000.00),
	 (491,163,16,2,896.00),
	 (492,163,38,3,4480.00),
	 (493,164,27,3,7840.00),
	 (494,164,12,2,2240.00),
	 (495,164,31,1,16800.00),
	 (496,165,41,3,78400.00),
	 (497,165,23,1,5650.00),
	 (498,166,21,3,22600.00),
	 (499,167,19,2,56500.00),
	 (500,167,35,2,22600.00),
	 (501,167,7,2,2260.00),
	 (502,168,39,2,11300.00),
	 (503,168,29,1,22600.00),
	 (504,169,24,3,5650.00),
	 (505,169,8,3,2280.00),
	 (506,169,41,3,79800.00),
	 (507,170,28,1,342000.00),
	 (508,170,5,3,513000.00),
	 (509,170,3,2,456000.00),
	 (510,170,13,3,3420.00),
	 (511,171,17,2,57000.00),
	 (512,171,22,3,228000.00),
	 (513,171,20,1,17250.00),
	 (514,171,43,1,920000.00),
	 (515,171,21,2,23000.00),
	 (516,172,19,3,57500.00),
	 (517,172,31,1,17250.00),
	 (518,172,11,3,2300.00),
	 (519,173,5,3,517500.00),
	 (520,173,12,1,2300.00),
	 (521,173,8,3,2320.00),
	 (522,173,1,2,348000.00),
	 (523,173,24,2,5800.00),
	 (524,174,17,3,58000.00),
	 (525,174,4,2,580000.00),
	 (526,174,27,1,8120.00),
	 (527,175,34,3,23200.00),
	 (528,175,37,3,25520.00),
	 (529,176,35,2,23400.00),
	 (530,176,41,2,81900.00),
	 (531,176,5,1,526500.00),
	 (532,176,10,2,1170.00),
	 (533,177,44,1,1404000.00),
	 (534,177,44,2,1404000.00),
	 (535,177,31,2,17550.00),
	 (536,178,14,2,585.00),
	 (537,178,11,1,2360.00),
	 (538,178,32,2,20060.00),
	 (539,178,14,2,590.00),
	 (540,179,22,2,236000.00),
	 (541,179,26,1,9440.00),
	 (542,179,25,3,5900.00),
	 (543,179,39,3,11800.00),
	 (544,179,18,1,35400.00),
	 (545,180,26,2,9520.00),
	 (546,181,20,3,17850.00),
	 (547,181,38,1,4760.00),
	 (548,181,3,2,476000.00),
	 (549,182,43,1,952000.00),
	 (550,182,19,2,59500.00),
	 (551,183,12,2,2380.00),
	 (552,183,15,1,833.00),
	 (553,183,2,3,420000.00),
	 (554,183,4,2,600000.00),
	 (555,184,27,3,8400.00),
	 (556,184,3,2,480000.00),
	 (557,184,12,3,2400.00),
	 (558,185,38,2,4800.00),
	 (559,185,40,1,10800.00),
	 (560,186,19,2,60000.00),
	 (561,186,30,3,18150.00),
	 (562,187,31,3,18150.00),
	 (563,187,17,1,60500.00),
	 (564,187,9,1,3630.00),
	 (565,188,29,3,24200.00),
	 (566,188,5,2,544500.00),
	 (567,188,33,2,20570.00),
	 (568,189,23,3,6050.00),
	 (569,189,43,2,976000.00),
	 (570,189,35,2,24400.00),
	 (571,190,2,1,427000.00),
	 (572,190,11,3,2440.00),
	 (573,190,36,1,26840.00),
	 (574,190,28,3,366000.00),
	 (575,191,27,1,8540.00),
	 (576,191,4,1,610000.00),
	 (577,191,40,1,11070.00),
	 (578,191,4,3,615000.00),
	 (579,192,25,3,6150.00),
	 (580,192,7,1,2460.00),
	 (581,192,20,1,18450.00),
	 (582,193,16,3,984.00),
	 (583,193,20,3,18450.00),
	 (584,193,21,1,24600.00),
	 (585,193,32,3,21080.00),
	 (586,194,22,1,248000.00),
	 (587,194,24,1,6200.00),
	 (588,194,14,2,620.00),
	 (589,195,30,1,18600.00),
	 (590,195,42,2,12400.00),
	 (591,195,24,3,6200.00),
	 (592,195,7,2,2480.00),
	 (593,195,33,1,21250.00),
	 (594,196,3,2,500000.00),
	 (595,196,34,1,25000.00),
	 (596,196,43,2,1000000.00),
	 (597,197,36,2,27500.00),
	 (598,197,1,1,375000.00),
	 (599,197,11,2,2500.00),
	 (600,198,9,2,3750.00),
	 (601,199,29,3,25200.00),
	 (602,199,1,3,378000.00),
	 (603,199,2,3,441000.00),
	 (604,200,26,2,10080.00),
	 (605,200,19,1,63000.00),
	 (606,200,22,3,252000.00),
	 (607,200,41,3,88200.00),
	 (608,201,39,2,12600.00),
	 (609,201,6,3,2540.00),
	 (610,201,38,1,5080.00),
	 (611,202,17,1,63500.00),
	 (612,202,13,2,3810.00),
	 (613,202,36,1,27940.00),
	 (614,202,23,3,6350.00),
	 (615,203,5,3,571500.00),
	 (616,203,33,1,21590.00),
	 (617,203,7,2,2560.00),
	 (618,203,12,2,2560.00),
	 (619,204,13,2,3840.00),
	 (620,204,35,2,25600.00),
	 (621,205,37,2,28160.00),
	 (622,205,8,3,2560.00),
	 (623,205,42,1,12800.00),
	 (624,205,15,3,896.00),
	 (625,206,32,3,21930.00),
	 (626,206,6,1,2580.00),
	 (627,206,39,2,12900.00),
	 (628,206,13,3,3870.00),
	 (629,207,10,1,1290.00),
	 (630,207,31,3,19350.00),
	 (631,208,8,2,2580.00),
	 (632,208,21,1,25800.00),
	 (633,208,41,1,91000.00),
	 (634,208,28,3,390000.00),
	 (635,209,28,1,390000.00),
	 (636,209,27,2,9100.00),
	 (637,209,29,1,26000.00),
	 (638,210,25,3,6500.00),
	 (639,210,15,3,910.00),
	 (640,211,37,1,28600.00),
	 (641,211,6,1,2620.00),
	 (642,211,18,3,39300.00),
	 (643,212,34,3,26200.00),
	 (644,212,42,3,13100.00),
	 (645,213,30,3,19650.00),
	 (646,213,40,2,11790.00),
	 (647,213,34,3,26200.00),
	 (648,213,37,2,28820.00),
	 (649,214,9,3,3960.00),
	 (650,214,21,3,26400.00),
	 (651,214,24,1,6600.00),
	 (652,214,16,3,1056.00),
	 (653,215,1,1,396000.00),
	 (654,215,10,2,1320.00),
	 (655,215,16,3,1056.00),
	 (656,215,18,2,39600.00),
	 (657,215,8,1,2660.00),
	 (658,216,23,3,6650.00),
	 (659,216,17,3,66500.00),
	 (660,217,44,2,1596000.00),
	 (661,218,32,2,22610.00),
	 (662,218,41,2,93100.00),
	 (663,218,17,2,66500.00),
	 (664,218,29,2,26600.00),
	 (665,219,5,1,603000.00),
	 (666,219,15,2,938.00),
	 (667,219,31,3,20100.00),
	 (668,219,22,1,268000.00),
	 (669,220,42,2,13400.00),
	 (670,220,26,3,10720.00),
	 (671,221,26,3,10720.00),
	 (672,221,6,2,2680.00),
	 (673,221,34,2,27000.00),
	 (674,221,19,3,67500.00),
	 (675,222,25,1,6750.00),
	 (676,222,12,2,2700.00),
	 (677,223,18,3,40500.00),
	 (678,223,8,1,2700.00),
	 (679,223,2,2,472500.00),
	 (680,224,8,1,2700.00),
	 (681,225,22,2,272000.00),
	 (682,225,34,2,27200.00),
	 (683,225,40,2,12240.00),
	 (684,226,14,2,680.00),
	 (685,226,33,2,23120.00),
	 (686,227,3,2,544000.00),
	 (687,227,6,1,2720.00),
	 (688,227,43,3,1088000.00),
	 (689,227,18,1,41100.00),
	 (690,227,25,3,6850.00),
	 (691,228,36,3,30140.00),
	 (692,228,25,1,6850.00),
	 (693,229,41,2,95900.00),
	 (694,229,15,1,959.00),
	 (695,229,1,2,411000.00),
	 (696,230,9,3,4110.00),
	 (697,230,37,3,30360.00),
	 (698,230,19,3,69000.00),
	 (699,230,28,3,414000.00),
	 (700,231,11,2,2760.00),
	 (701,231,5,2,621000.00),
	 (702,232,38,2,5520.00),
	 (703,232,10,1,1380.00),
	 (704,233,4,3,690000.00),
	 (705,233,12,1,2780.00),
	 (706,233,16,3,1112.00),
	 (707,233,27,3,9730.00),
	 (708,234,4,1,695000.00),
	 (709,234,31,1,20850.00),
	 (710,234,30,1,20850.00),
	 (711,234,14,3,695.00),
	 (712,235,43,2,1112000.00),
	 (713,235,12,1,2800.00),
	 (714,236,21,2,28000.00),
	 (715,236,42,3,14000.00),
	 (716,237,36,1,30800.00),
	 (717,237,44,3,1680000.00),
	 (718,238,34,3,28000.00),
	 (719,238,24,3,7000.00),
	 (720,238,11,3,2800.00),
	 (721,238,13,3,4230.00),
	 (722,239,7,3,2820.00),
	 (723,239,3,2,564000.00),
	 (724,239,37,2,31020.00),
	 (725,240,21,1,28200.00),
	 (726,240,7,2,2820.00),
	 (727,241,7,3,2820.00),
	 (728,241,2,3,493500.00),
	 (729,241,1,3,426000.00),
	 (730,242,35,3,28400.00),
	 (731,242,30,1,21300.00),
	 (732,243,43,2,1136000.00),
	 (733,243,38,3,5680.00),
	 (734,243,15,3,994.00),
	 (735,244,16,3,1136.00),
	 (736,244,10,1,1420.00),
	 (737,244,17,1,71500.00),
	 (738,245,18,3,42900.00),
	 (739,245,33,1,24310.00),
	 (740,245,44,2,1716000.00),
	 (741,246,8,2,2860.00),
	 (742,246,10,2,1430.00),
	 (743,246,9,2,4290.00),
	 (744,246,33,2,24310.00),
	 (745,247,9,3,4320.00),
	 (746,247,29,2,28800.00),
	 (747,247,28,3,432000.00),
	 (748,248,23,1,7200.00),
	 (749,248,37,1,31680.00),
	 (750,249,40,3,12960.00),
	 (751,249,44,1,1728000.00),
	 (752,249,23,2,7200.00),
	 (753,250,13,3,4350.00),
	 (754,250,19,3,72500.00),
	 (755,250,31,2,21750.00),
	 (756,250,4,2,725000.00),
	 (757,251,17,3,72500.00),
	 (758,251,35,3,29000.00),
	 (759,252,32,2,24650.00),
	 (760,252,30,3,21750.00),
	 (761,253,41,1,102200.00),
	 (762,253,14,1,730.00),
	 (763,253,38,2,5840.00),
	 (764,254,39,2,14600.00),
	 (765,254,26,1,11680.00),
	 (766,254,13,2,4380.00),
	 (767,255,27,1,10220.00),
	 (768,255,2,2,511000.00),
	 (769,255,1,2,441000.00),
	 (770,255,36,1,32340.00),
	 (771,256,23,3,7350.00),
	 (772,256,11,1,2940.00);



-- ########################################################################
--						D E T A L L E	S E R V I C I O S
-- ########################################################################

INSERT INTO DETALLE_SERVICIO (ID_DET_SERV,NRO_FACTURA,ID_LUTHIER,ID_T_SERV,PRECIO_X_HORA,HORAS) VALUES
	 (1,5,8,3,959.50,2),
	 (2,5,9,2,969.00,1),
	 (3,13,3,4,978.50,5),
	 (4,13,2,5,988.00,2),
	 (5,14,8,5,997.50,4),
	 (6,21,6,4,1007.00,1),
	 (7,23,4,2,1016.50,5),
	 (8,23,9,4,1026.00,4),
	 (9,40,1,3,1035.50,3),
	 (10,41,7,5,1045.00,5),
	 (11,43,5,5,1054.50,5),
	 (12,43,5,4,1064.00,3),
	 (13,46,6,1,1073.50,4),
	 (14,46,7,3,1083.00,4),
	 (15,55,2,4,1092.50,3),
	 (16,59,7,4,1102.00,5),
	 (17,61,2,4,1111.50,4),
	 (18,61,6,5,1121.00,5),
	 (19,74,4,3,1130.50,1),
	 (20,81,9,5,1140.00,3),
	 (21,90,5,1,1149.50,5),
	 (22,98,8,4,1159.00,5),
	 (23,98,6,4,1168.50,4),
	 (24,99,6,2,1178.00,1),
	 (25,103,2,4,1187.50,1),
	 (26,105,5,5,1197.00,1),
	 (27,105,7,5,1206.50,1),
	 (28,110,9,1,1216.00,3),
	 (29,117,5,3,1225.50,1),
	 (30,117,6,3,1235.00,4),
	 (31,127,6,4,1244.50,4),
	 (32,129,6,3,1254.00,1),
	 (33,130,4,5,1263.50,1),
	 (34,132,3,2,1273.00,4),
	 (35,143,5,1,1282.50,4),
	 (36,143,9,5,1292.00,1),
	 (37,149,5,3,1301.50,2),
	 (38,155,3,2,1311.00,1),
	 (39,156,2,1,1320.50,4),
	 (40,156,2,5,1330.00,1),
	 (41,159,5,2,1339.50,4),
	 (42,159,7,2,1349.00,2),
	 (43,162,9,2,1358.50,1),
	 (44,162,2,3,1368.00,2),
	 (45,163,4,1,1377.50,5),
	 (46,165,1,5,1387.00,2),
	 (47,171,7,5,1396.50,2),
	 (48,174,5,2,1406.00,2),
	 (49,174,5,2,1415.50,5),
	 (50,178,6,5,1425.00,3),
	 (51,178,7,1,1434.50,4),
	 (52,182,4,4,1444.00,3),
	 (53,183,1,3,1453.50,5),
	 (54,183,5,2,1463.00,1),
	 (55,185,5,1,1472.50,5),
	 (56,187,1,1,1482.00,1),
	 (57,187,4,4,1491.50,1),
	 (58,189,8,3,1501.00,2),
	 (59,189,7,1,1510.50,5),
	 (60,197,9,1,1520.00,1),
	 (61,197,6,1,1529.50,4),
	 (62,200,1,3,1539.00,3),
	 (63,200,6,3,1548.50,1),
	 (64,215,3,1,1558.00,5),
	 (65,224,9,4,1567.50,1),
	 (66,229,8,5,1577.00,5),
	 (67,230,5,1,1586.50,3),
	 (68,230,9,1,1596.00,3),
	 (69,231,6,5,1605.50,3),
	 (70,232,7,4,1615.00,5),
	 (71,233,1,5,1624.50,1),
	 (72,241,1,3,1634.00,4),
	 (73,243,7,3,1643.50,4),
	 (74,243,5,5,1653.00,5),
	 (75,244,7,5,1662.50,3),
	 (76,244,3,1,1672.00,1),
	 (77,245,1,2,1681.50,4),
	 (78,245,9,5,1691.00,3),
	 (79,247,1,2,1700.50,3),
	 (80,247,7,2,1710.00,1),
	 (81,252,2,4,1719.50,1),
	 (82,255,7,5,1729.00,1);
